{"chunk_definitions":[{"chunk_id":"csetup_chunk","chunk_label":"setup","document_id":"C2576CC5","expansion_state":0,"options":{"engine":"r","include":false,"label":"setup"},"row":2,"row_count":1,"visible":true},{"chunk_id":"cdv5dd388b0si","chunk_label":"unnamed-chunk-1","document_id":"C2576CC5","expansion_state":0,"options":{"engine":"r","label":"unnamed-chunk-2"},"row":12,"row_count":1,"visible":true},{"chunk_id":"cl4cpemcluph3","chunk_label":"unnamed-chunk-2","document_id":"C2576CC5","expansion_state":0,"options":{"engine":"r","label":"unnamed-chunk-3"},"row":23,"row_count":1,"visible":true},{"chunk_id":"c7td26avoj80t","chunk_label":"unnamed-chunk-3","document_id":"C2576CC5","expansion_state":0,"options":{"engine":"r","label":"unnamed-chunk-4"},"row":29,"row_count":1,"visible":true},{"chunk_id":"chkq420c73v40","chunk_label":"unnamed-chunk-4","document_id":"C2576CC5","expansion_state":0,"options":{"engine":"r","label":"unnamed-chunk-5"},"row":35,"row_count":1,"visible":true},{"chunk_id":"c67c07v84uuad","chunk_label":"unnamed-chunk-5","document_id":"C2576CC5","expansion_state":0,"options":{"engine":"r","label":"unnamed-chunk-6"},"row":41,"row_count":1,"visible":true},{"chunk_id":"c5qxr2sxa48t7","chunk_label":"unnamed-chunk-6","document_id":"C2576CC5","expansion_state":0,"options":{"engine":"r","label":"unnamed-chunk-7"},"row":46,"row_count":1,"visible":true},{"chunk_id":"ckxjs3gwk6w8z","chunk_label":"unnamed-chunk-7","document_id":"C2576CC5","expansion_state":0,"options":{"engine":"r","label":"unnamed-chunk-8"},"row":53,"row_count":1,"visible":true},{"chunk_id":"cr17hbzlprvb9","chunk_label":"unnamed-chunk-8","document_id":"C2576CC5","expansion_state":0,"options":{"engine":"r","label":"unnamed-chunk-9"},"row":59,"row_count":1,"visible":true},{"chunk_id":"caqfjq9br14ly","chunk_label":"unnamed-chunk-9","document_id":"C2576CC5","expansion_state":0,"options":{"engine":"r","label":"unnamed-chunk-10"},"row":67,"row_count":1,"visible":true}],"default_chunk_options":{"echo":true},"doc_write_time":1580782628,"working_dir":null}