{"chunk_definitions":[{"chunk_id":"csetup_chunk","chunk_label":"setup","document_id":"95F5B58C","expansion_state":0,"options":{"engine":"r","include":false,"label":"setup"},"row":7,"row_count":1,"visible":true},{"chunk_id":"cvq7la410zsn7","chunk_label":"unnamed-chunk-1","document_id":"95F5B58C","expansion_state":0,"options":{"engine":"r","label":"unnamed-chunk-1"},"row":13,"row_count":1,"visible":true},{"chunk_id":"c4occykxqwlrc","chunk_label":"unnamed-chunk-2","document_id":"95F5B58C","expansion_state":0,"options":{"engine":"r","label":"unnamed-chunk-2"},"row":21,"row_count":1,"visible":true},{"chunk_id":"cmk7flfu0l7xs","chunk_label":"unnamed-chunk-3","document_id":"95F5B58C","expansion_state":0,"options":{"engine":"r","label":"unnamed-chunk-3"},"row":27,"row_count":1,"visible":true},{"chunk_id":"c0d3kqxb1u3ge","chunk_label":"unnamed-chunk-4","document_id":"95F5B58C","expansion_state":0,"options":{"engine":"r","label":"unnamed-chunk-4"},"row":33,"row_count":1,"visible":true},{"chunk_id":"c0nzoeacv9hoy","chunk_label":"unnamed-chunk-5","document_id":"95F5B58C","expansion_state":0,"options":{"engine":"r","label":"unnamed-chunk-5"},"row":40,"row_count":1,"visible":true},{"chunk_id":"cuhtmx6cvgi31","chunk_label":"unnamed-chunk-6","document_id":"95F5B58C","expansion_state":0,"options":{"engine":"r","label":"unnamed-chunk-6"},"row":54,"row_count":1,"visible":true},{"chunk_id":"cmta13swixnwz","chunk_label":"unnamed-chunk-7","document_id":"95F5B58C","expansion_state":0,"options":{"engine":"r","label":"unnamed-chunk-7"},"row":79,"row_count":1,"visible":true},{"chunk_id":"c7vyk775g22dy","chunk_label":"unnamed-chunk-8","document_id":"95F5B58C","expansion_state":0,"options":{"engine":"r","label":"unnamed-chunk-8"},"row":95,"row_count":1,"visible":true},{"chunk_id":"c7t1u0ov5o0hi","chunk_label":"unnamed-chunk-9","document_id":"95F5B58C","expansion_state":0,"options":{"engine":"r","label":"unnamed-chunk-9"},"row":102,"row_count":1,"visible":true},{"chunk_id":"cf5gpmdlveuq2","chunk_label":"unnamed-chunk-10","document_id":"95F5B58C","expansion_state":0,"options":{"engine":"r","label":"unnamed-chunk-10"},"row":112,"row_count":1,"visible":true},{"chunk_id":"cesoygjllrx6k","chunk_label":"unnamed-chunk-11","document_id":"95F5B58C","expansion_state":0,"options":{"engine":"r","label":"unnamed-chunk-11"},"row":123,"row_count":1,"visible":true},{"chunk_id":"cbmqsxlt7gc5c","chunk_label":"unnamed-chunk-12","document_id":"95F5B58C","expansion_state":0,"options":{"engine":"r","label":"unnamed-chunk-12"},"row":135,"row_count":1,"visible":true},{"chunk_id":"cr3v10izasqf5","chunk_label":"unnamed-chunk-13","document_id":"95F5B58C","expansion_state":0,"options":{"engine":"r","label":"unnamed-chunk-13"},"row":143,"row_count":1,"visible":true},{"chunk_id":"cbu5sdky2lkrl","chunk_label":"unnamed-chunk-14","document_id":"95F5B58C","expansion_state":0,"options":{"engine":"r","label":"unnamed-chunk-14"},"row":149,"row_count":1,"visible":true},{"chunk_id":"cmew41yy96t7v","chunk_label":"unnamed-chunk-15","document_id":"95F5B58C","expansion_state":0,"options":{"engine":"r","label":"unnamed-chunk-15"},"row":168,"row_count":1,"visible":true},{"chunk_id":"cqs7511s0jdz3","chunk_label":"unnamed-chunk-16","document_id":"95F5B58C","expansion_state":0,"options":{"engine":"r","label":"unnamed-chunk-16"},"row":183,"row_count":1,"visible":true},{"chunk_id":"ces7s2e8ezijl","chunk_label":"unnamed-chunk-17","document_id":"95F5B58C","expansion_state":0,"options":{"engine":"r","label":"unnamed-chunk-17"},"row":189,"row_count":1,"visible":true},{"chunk_id":"ciyrzmn344uu7","chunk_label":"unnamed-chunk-18","document_id":"95F5B58C","expansion_state":0,"options":{"engine":"r","label":"unnamed-chunk-18"},"row":201,"row_count":1,"visible":true},{"chunk_id":"cianiop4plz8b","chunk_label":"unnamed-chunk-19","document_id":"95F5B58C","expansion_state":0,"options":{"engine":"r","label":"unnamed-chunk-19"},"row":227,"row_count":1,"visible":true},{"chunk_id":"c04x3sprqc60s","chunk_label":"unnamed-chunk-20","document_id":"95F5B58C","expansion_state":0,"options":{"engine":"r","label":"unnamed-chunk-20"},"row":235,"row_count":1,"visible":true}],"chunk_rendered_width":700,"default_chunk_options":{"echo":true},"doc_write_time":1586165404,"working_dir":null}